USE MOVIEMARK;
SET FOREIGN_KEY_CHECKS = 0;

#insert statements
insert into FOOD_DISTRIBUTOR(ID, PHONE_NUM, DISTRIBUTOR_NAME, ADDRESS)
VALUES('5643', '(410)846-2534', 'POPCORN CATERS', '677 YES LANE');
insert into FOOD_DISTRIBUTOR(ID, PHONE_NUM, DISTRIBUTOR_NAME, ADDRESS)
VALUES('1467', '(410)766-2534', 'CANDY SUPPLY CO', '5666 N VES STREET');
insert into FOOD_DISTRIBUTOR(ID, PHONE_NUM, DISTRIBUTOR_NAME, ADDRESS)
VALUES('8566', '(334)896-2094', 'TERRACE FOODS', '67 ORCHARD ROAD');

insert into CONCESSIONS(BARCODE_NUMBER, FOOD_ITEM, CALORIES, AMOUNT_IN_OZ, DIST_ID)
VALUES('0004', 'LARGE POPCORN', '1200', '40', '5643');
insert into CONCESSIONS(BARCODE_NUMBER, FOOD_ITEM, CALORIES, AMOUNT_IN_OZ, DIST_ID)
VALUES('0003', 'SMALL POPCORN', '400', '20', '5643');
insert into CONCESSIONS(BARCODE_NUMBER, FOOD_ITEM, CALORIES, AMOUNT_IN_OZ, DIST_ID)
VALUES('0002', 'MEDIUM POPCORN', '800', '30', '5643');
insert into CONCESSIONS(BARCODE_NUMBER, FOOD_ITEM, CALORIES, AMOUNT_IN_OZ, DIST_ID)
VALUES('0034', 'SKITTLES', '300', '5', '146783');

INSERT INTO REWARDS(OFFER_CODE, OFFER_DESCRIPTION, POINTS_NEEDED, CUSTOMER_USERNAME)
VALUES('44532', 'Get a FREE ticket!',  '2400', 'MIMI');
INSERT INTO REWARDS(OFFER_CODE, OFFER_DESCRIPTION, POINTS_NEEDED, CUSTOMER_USERNAME)
VALUES('44622', 'Get 2 dollars off a small popcorn!',  '200', 'MIMI');
INSERT INTO REWARDS(OFFER_CODE, OFFER_DESCRIPTION, POINTS_NEEDED, CUSTOMER_USERNAME)
VALUES('44762', 'Get a chance to win a 20 dollar gift card',  '20000', 'TEAR');

insert into customer(USERNAME, PASSWORD, FNAME, LNAME, EMAIL)
VALUES('CAMI', 'GALLA', 'CAMILA', 'GALLARDO', 'CGALLA@TOWSON.EDU');
insert into customer(USERNAME, PASSWORD, FNAME, LNAME, EMAIL)
VALUES('MIMI', 'OGUN', 'MIMI', 'OGUNYEMI', 'MOGUN@TOWSON.EDU');
insert into customer(USERNAME, PASSWORD, FNAME, LNAME, EMAIL)
VALUES('TEAR', 'LOVE', 'BANGTAN', 'SONY', 'BTS@TOWSON.EDU');

INSERT INTO TICKET(TICKET_CODE, SEAT_NUM, PRICE, CUSTOMER_USERNAME, MOVIE_CODE, SCHEDULE_KEY)
VALUES('432', '3', '5.99', 'CAMI', '876', '989');
INSERT INTO TICKET(TICKET_CODE, SEAT_NUM, PRICE, CUSTOMER_USERNAME, MOVIE_CODE, SCHEDULE_KEY)
VALUES('476', '6', '5.99', 'CAMI', '876', '989');
INSERT INTO TICKET(TICKET_CODE, SEAT_NUM, PRICE, CUSTOMER_USERNAME, MOVIE_CODE, SCHEDULE_KEY)
VALUES('498', '4', '5.99', 'MIMI', '876', '976');

INSERT INTO IS_PART_OF(SEATS_AVAILABLE, TICKET_CODE, SCHEDULE_KEY)
VALUES('98', '432', '989');
INSERT INTO IS_PART_OF(SEATS_AVAILABLE, TICKET_CODE, SCHEDULE_KEY)
VALUES('98', '476', '989');
INSERT INTO IS_PART_OF(SEATS_AVAILABLE, TICKET_CODE, SCHEDULE_KEY)
VALUES('99', '498', '976');

INSERT INTO MOVIE(MOVIE_CODE, TITLE, DURATION, RATING, TICKET_CODE)
VALUES('876', 'STAR WARS: THE LAST ONE', '2HR 30MIN', '5', '111');
INSERT INTO MOVIE(MOVIE_CODE, TITLE, DURATION, RATING, TICKET_CODE)
VALUES('889', 'AVATAR 2', '1HR 55MIN', '4.3', '211' );

INSERT INTO DISTRIBUTED_BY(LEASE_START, LEASE_END, LEASE_STATUS, MOVIE_CODE, DIST_ID)
VALUES('2022-04-20', '2022-06-10', 'ACTIVE', '876', 'DIST444');
INSERT INTO DISTRIBUTED_BY(LEASE_START, LEASE_END, LEASE_STATUS, MOVIE_CODE, DIST_ID)
VALUES('2022-02-08', '2022-05-22', 'ACTIVE', '889', 'DIST542');

INSERT INTO DISTRIBUTOR(ID, DISTRIBUTOR_NAME, PHONE_NUM, EMAIL, MOVIE_CODE, ADMIN_CODE)
VALUES('DIST444', 'LUCASFILMS', '(315)239-2433', 'LUCASFILMS@GMAIL.COM', '876', '2345');
INSERT INTO DISTRIBUTOR(ID, DISTRIBUTOR_NAME, PHONE_NUM, EMAIL, MOVIE_CODE, ADMIN_CODE)
VALUES('DIST542', '20TH CENTURY', '(356)230-2876', '20CENT@GMAIL.COM', '889', '2345');

INSERT INTO T_SCHEDULE(SCHEDULE_KEY, THEATRE_NUMBER, MOVIE_TIME, MOVIE_DATE, MOVIE_CODE)
VALUES('989', '4', '10:50', '2022-05-22', '876');
INSERT INTO T_SCHEDULE(SCHEDULE_KEY, THEATRE_NUMBER, MOVIE_TIME, MOVIE_DATE, MOVIE_CODE)
VALUES('976', '8', '10:50', '2022-06-05', '876');
INSERT INTO T_SCHEDULE(SCHEDULE_KEY, THEATRE_NUMBER, MOVIE_TIME, MOVIE_DATE, MOVIE_CODE)
VALUES('043', '5', '12:50', '2022-02-04', '899');


INSERT INTO EMPLOYEE(SSN, ID, FNAME, LNAME, EMAIL, PHONE_NUMBER, ADDRESS)
VALUES('222', '032', 'PHIL', 'ZA', 'PRENTAL@GMAIL.COM', '(998)435-8976','543 WIND LANE');
INSERT INTO EMPLOYEE(SSN, ID, FNAME, LNAME, EMAIL, PHONE_NUMBER, ADDRESS)
VALUES('666', '005', 'RAN', 'BOO', 'ENDER@GMAIL.COM', '(543)098-761','576 NETHER ROAD');
INSERT INTO EMPLOYEE(SSN, ID, FNAME, LNAME, EMAIL, PHONE_NUMBER, ADDRESS)
VALUES('687', '009', 'TOM', 'PERSIM', 'TSUMMON@GMAIL.COM', '(897)653-2222', '234 RUNNY LANE');

INSERT INTO WORKER(SSN, ID)
VALUES('687', '009');

INSERT INTO MANAGER(SSN, ID, MANAGER_CODE)
VALUES('666', '005', '113');

INSERT INTO T_ADMIN(SSN, ID, ADMIN_CODE, BILL_TYPE)
VALUES('222', '032', '2345', 'ELECTRICITY');

INSERT INTO TIMESHEET(EMPLOYEE_SSN, W_DATE, DAY_OF_WEEK, HOURS)
VALUES('222', '2022-02-04', 'WEDNESDAY', '7');
INSERT INTO TIMESHEET(EMPLOYEE_SSN, W_DATE, DAY_OF_WEEK, HOURS)
VALUES('222', '2022-02-04', 'TUESESDAY', '7');
INSERT INTO TIMESHEET(EMPLOYEE_SSN, W_DATE, DAY_OF_WEEK, HOURS)
VALUES('222', '2022-02-04', 'SATURDAY', '7');
INSERT INTO TIMESHEET(EMPLOYEE_SSN, W_DATE, DAY_OF_WEEK, HOURS)
VALUES('666', '2022-02-04', 'SATURDAY', '6');
INSERT INTO TIMESHEET(EMPLOYEE_SSN, W_DATE, DAY_OF_WEEK, HOURS)
VALUES('687', '2022-02-04', 'SATURDAY', '5');
INSERT INTO TIMESHEET(EMPLOYEE_SSN, W_DATE, DAY_OF_WEEK, HOURS)
VALUES('666', '2022-02-04', 'WEDNESDAY', '5');
INSERT INTO TIMESHEET(EMPLOYEE_SSN, W_DATE, DAY_OF_WEEK, HOURS)
VALUES('666', '2022-02-04', 'THURSDAY', '6');

INSERT INTO BILLS(BILL_TYPE, AMOUNT_DUE, DUE_DATE, PAYMENT_STATUS, ADMIN_CODE)
VALUES('ENERGY', '980.00', '2022-02-04', 'PAID', '2345');
INSERT INTO BILLS(BILL_TYPE, AMOUNT_DUE, DUE_DATE, PAYMENT_STATUS, ADMIN_CODE)
VALUES('POPCORN_DIST', '2500.00', '2022-02-04', 'UNPAID', '2345');
INSERT INTO BILLS(BILL_TYPE, AMOUNT_DUE, DUE_DATE, PAYMENT_STATUS, ADMIN_CODE)
VALUES('MOVIE_DIST889', '5000.00', '2022-02-04', 'PAID', '2345');
INSERT INTO BILLS(BILL_TYPE, AMOUNT_DUE, DUE_DATE, PAYMENT_STATUS, ADMIN_CODE)
VALUES('MOVIE_DIST876', '5000.00', '2022-02-04', 'PAID', '2345');

SET FOERIGN_KEY_CHECKS = 1;